Topics,Playlists,,,,,,,
PROGRESSIONS,https://www.youtube.com/watch?v=-beKPDPv3uk&list=PLbu_fGT0MPsuw3SdOdssA8pXTSPJffBk4,,,,,,,
BINOMIAL THOEREM,https://www.youtube.com/watch?v=4fw1xCWFfhI&list=PLbu_fGT0MPssbWHrtLO3Brp_IYnC6Plt6,,,,,,,
INEQUALITIES,https://www.youtube.com/watch?v=DYh1xBWnDYU,,,,,,,
SET THOERY,https://www.youtube.com/watch?v=pxYCuWEpujA,,,,,,,
RELATION,https://www.youtube.com/watch?v=pxYCuWEpujA,,,,,,,
MATRIX AND DETERMINANT,https://www.youtube.com/watch?v=2UQ0Kl_BimU&list=PLbu_fGT0MPstCkvvaHXiH1D0q0gKL-OkB,,,,,,,
STRAIGHT LINE,https://www.youtube.com/watch?v=xzWZiWJzses,,,,,,,
CIRCLE,https://www.youtube.com/watch?v=3HR0f9IUdz0,,,,,,,
FUNCTION,https://www.youtube.com/watch?v=xktPfmnzUB8&list=PLbu_fGT0MPsvHP36Fwya_QY8DLWBGbuV0,,,,,,,
LIMIT,https://www.youtube.com/watch?v=iQwHvRAEk90&list=PLbu_fGT0MPst_ZoLIPPigOEofcvLGaCkc,,,,,,,
CONTINUITY,https://www.youtube.com/watch?v=9jFotcyhTGA&list=PLbu_fGT0MPssLuSg5chsJCWyynHc830Tv,,,,,,,
DIFFERENTIABILITY,https://www.youtube.com/watch?v=SyHNE-_-1RQ&list=PLbu_fGT0MPsvWv28MLB4-4Nbc_2-U42k1,,,,,,,
DIFFERENTATION,https://www.youtube.com/watch?v=DpmP7S8YP9o&list=PLbu_fGT0MPstRQE_YHxk78sWcgwskuYpe,,,,,,,
AOD,https://www.youtube.com/watch?v=IlJm4-IMlh0&list=PLbu_fGT0MPsshbtNlOgInx-SrJkOCnznW,,,,,,,
INDEFINITE INTEGRAL,https://www.youtube.com/watch?v=i5hUQVwtock&list=PLbu_fGT0MPstBzAW5gGWLltksM_yAs3si,,,,,,,
DEFINITE INTEGRAL,https://www.youtube.com/watch?v=tsj_Fpw9uP8&list=PLbu_fGT0MPstXGC6nK5VZcb2FyjqLY6_J,,,,,,,
AREA UNDER CURVE,https://www.youtube.com/watch?v=6jTQ1U3R0UE&list=PLbu_fGT0MPssvCsc8lHB9x9IrRF7fLxkO,,,,,,,
